<?xml version="1.0" standalone="yes"?>
<NewDataSet>
  <ord>
    <orderid>10000</orderid>
    <customername>1</customername>
    <orderdate>2017-02-08T12:00:58.03+05:30</orderdate>
  </ord>
  <ord>
    <orderid>10001</orderid>
    <customername>1</customername>
    <orderdate>2017-02-08T12:02:32.863+05:30</orderdate>
  </ord>
  <ord>
    <orderid>10002</orderid>
    <customername>2</customername>
    <orderdate>2017-02-08T12:02:39.35+05:30</orderdate>
  </ord>
  <ord>
    <orderid>10003</orderid>
    <customername>NISHANTH</customername>
    <orderdate>2017-02-08T12:26:53.633+05:30</orderdate>
  </ord>
  <ord>
    <orderid>10004</orderid>
    <customername>NISHANTH</customername>
    <orderdate>2017-02-08T12:27:01.477+05:30</orderdate>
  </ord>
  <ord>
    <orderid>10006</orderid>
    <customername>15</customername>
    <orderdate>2017-02-08T12:43:01.367+05:30</orderdate>
  </ord>
  <ord>
    <orderid>10008</orderid>
    <customername>1</customername>
    <orderdate>2017-02-08T12:45:17.777+05:30</orderdate>
  </ord>
  <ord>
    <orderid>10009</orderid>
    <customername>k</customername>
    <orderdate>2017-02-08T12:53:19.5+05:30</orderdate>
  </ord>
  <ord>
    <orderid>10010</orderid>
    <customername>k</customername>
    <orderdate>2017-02-08T13:00:25.047+05:30</orderdate>
  </ord>
</NewDataSet>